<?xml version="1.0" encoding="UTF-8"?>
<component type="desktop">
  <id>it.enrico204.whatsapp-desktop.desktop</id>
  <metadata_license>CC0-1.0</metadata_license>
  <project_license>GPL-3.0+</project_license>
  <name>Whatsapp-Desktop</name>
  <summary>Unofficial whatsapp web desktop client for OSX, Linux and Windows. Build with Electron.</summary>
  <description>
    <p>
        WhatsApp desktop client, based on the official WhatsApp web app. Build
        with Electron.

        This is NOT an official product. This project does not attempt to reverse
        engineer the WhatsApp API or attempt to reimplement any part of the WhatsApp
        client. Any communication between the user and WhatsApp servers is handled
        by official WhatsApp Web itself; this is just a native wrapper for WhatsApp
        Web, like a browser.
    </p>
  </description>
  <screenshots>
    <screenshot type="default">https://camo.githubusercontent.com/25f207f8cfa91ad13a0fe303bc6fa0d0265719d6/687474703a2f2f69312d77696e2e736f667470656469612d7374617469632e636f6d2f73637265656e73686f74732f57686174734170702d4465736b746f705f312e706e67</screenshot>
  </screenshots>
  <url type="homepage">https://github.com/Enrico204/Whatsapp-Desktop</url>
  <url type="bugtracker">https://github.com/Enrico204/Whatsapp-Desktop/issues</url>
  <update_contact>enrico204_at_gmail.com</update_contact>
  <translation type="gettext">inkscape</translation>
  <releases>
      <release version="v0.4.2" date="2018-01-03"/>
      <release version="v0.4.1" date="2018-01-02"/>
      <release version="v0.4.0" date="2017-12-31"/>
      <release version="v0.3.14" date="2017-11-04"/>
      <release version="v0.3.13" date="2017-08-28"/>
      <release version="v0.3.12" date="2017-08-01"/>
      <release version="v0.3.11" date="2017-07-19"/>
      <release version="v0.3.10" date="2017-07-10"/>
      <release version="v0.3.9" date="2017-07-09"/>
      <release version="v0.3.8" date="2017-07-08"/>
  </releases>
</component>
